{
  "cli": {
    "version": ">= 16.6.2",
    "appVersionSource": "remote"
  },
  "build": {
    "development": {
      "developmentClient": true,
      "distribution": "internal",
      "android": {
        "ndk": "26.1.10909125"
      }
    },
    "preview": {
      "distribution": "internal",
      "android": {
        "ndk": "26.1.10909125"
      }
    },
    "production": {
      "autoIncrement": true,
      "android": {
        "ndk": "26.1.10909125"
      }
    }
  },
  "submit": {
    "production": {}
  }
}
